name,category,rating,review_count,tags,image_url
샤브 20 대구복현점,샤브샤브,4.86,532,아이랑 깨끗함 가족식사 가성비 시끌벅적함,https://search.pstatic.net/common/?src=https%3A%2F%2Fblogfiles.pstatic.net%2FMjAyNjEwMDNfMTkx%2FMDAxNzkwOTYzODg3ODI3.y8g8yuiNblPKoLV-vqNsvvWwADRrXeB6AgF8b32617og.hss2PHM3sAd6dRg9iKI0sssqXN-DzXuGnPU-SyOo2xQg.JPEG%2FIMG%EF%BC%BF0669.jpg%2F900x676
최고집 막창삼겹,삼겹살,4.93,473,친절 가족식사 서비스좋음 매장청결함 고퀄리티 친절한직원 회식,https://search.pstatic.net/common/?src=https%3A%2F%2Fldb-phinf.pstatic.net%2F20260420_98%2F17766629247753D5vw_JPEG%2F1776661747059.jpg
울산정자참가자미회 복현점,횟집,4.7,281,양많음 회 청결 밑반찬 금방나옴 가족식사 회식,https://search.pstatic.net/common/?src=https%3A%2F%2Fldb-phinf.pstatic.net%2F20231030_287%2F1698650492121j4rMh_JPEG%2F1698643346823.jpg
싱글벙글 막창 전문점,막창,4.84,2081,양많음 예약없이 초벌됨 시끌벅적 재료신선 회식,https://search.pstatic.net/common/?src=https%3A%2F%2Fldb-phinf.pstatic.net%2F20260918_97%2F1789659888404XAQc9_JPEG%2FIMG_0962.jpg
큰바우국밥 경북대 본점,국밥,4.65,4161,맛있음 양많음 재료신선 매장넓음 혼밥 친절 가성비,https://search.pstatic.net/common/?src=https%3A%2F%2Fldb-phinf.pstatic.net%2F20260720_20%2F1784510020119MfzeQ_JPEG%2FKakaoTalk_20260720_101237594.jpg
라라더,일식,4.93,1120,맛있음 재료신선 인테리어 특별한메뉴 친절 청결 음악좋음 아늑함 카페 데이트,https://search.pstatic.net/common/?src=https%3A%2F%2Fldb-phinf.pstatic.net%2F20260831_193%2F1788156964735EwdCm_JPEG%2FIMG_6129.jpg
하루덮밥 경대점,덮밥,4.75,862,맛있음 재료신선 양많음 혼밥 가성비 친절 반찬 청결 매장넓음,https://search.pstatic.net/common/?src=https%3A%2F%2Fblogfiles.pstatic.net%2FMjAyNjAyMjZfMjMg%2FMDAxNzcyMDkzNjMyMzI1.SYqBca-x9JPP78mn4R-k6kOQPgovV_ZrugJDXIaY7mIg.72FQAQ4rc5DVoKSZmHH8i961mSvp5-WJuuw-0myf_8kg.JPEG%2FIMG_7798.JPG%2F3000x3000
쎈놈,고기집,4.84,1264,고퀄리티 맛있음 가성비 친절 양많음 매장넓음 청결 단체모임 특별한메뉴 회식,https://search.pstatic.net/common/?src=https%3A%2F%2Fldb-phinf.pstatic.net%2F20250730_12%2F1753872545794Nqh2D_JPEG%2F1000073080.jpg
남경반점,중식,4.81,4703,맛있음 재료신선 양많음 가성비 친절 특별한메뉴 혼밥 매장청결 빨리나옴,https://search.pstatic.net/common/?src=https%3A%2F%2Fpup-review-phinf.pstatic.net%2FMjAyNjA4MDJfMTYy%2FMDAxNzg1NjM1OTc5OTg3.htAHBD745Q0ISC7BjrlyShkza5D_PDUlcF6NYOlFVagg.qCy0eVbzQqW-KWWWReFMbOjsDZGT6AWVZtE_1LaToFEg.JPEG%2F20260802_105907.jpg.jpg
포크팬,고기집,4.67,4945,맛있음 가성비 알참 매장넓음 신선 고퀄리티 친절 특별한메뉴 단체모임 주차편리 회식,https://search.pstatic.net/common/?src=https%3A%2F%2Fnaverbooking-phinf.pstatic.net%2F20241209_140%2F173370917434582KEh_JPEG%2Fimage.jpg
스도리 대구복현점,일식,4.92,1494,맛있음 양많음 가성비 고퀄리티 친절 특별한메뉴 혼밥 매장청결 아늑함 차분함 데이트,https://search.pstatic.net/common/?src=https%3A%2F%2Fldb-phinf.pstatic.net%2F20260916_143%2F1789526473668EBhFp_JPEG%2F%25B4%25DC%25C3%25BC%25284%2529.jpg
하카타 파스타,양식,4.91,2280,맛있음 특별한메뉴 인테리어 친절 재료신선 양많음 청결 혼밥 음악 가성비 아늑 데이트,https://search.pstatic.net/common/?src=https%3A%2F%2Fpup-review-phinf.pstatic.net%2FMjAyNjA3MTdfOTAg%2FMDAxNzg0MjYwMDE2MjMw.KdtbO8j2VK4tmRwz9A5biBNgKBOnTTCzEu5xmjZDKgMg.asbhiuPBYquha6ugGw5TMIUSL-Q4cgAxrmX3UQ3XfUUg.JPEG%2F1000035167.jpg.jpg
출근길생고기&국밥 본점1호,육류,4.86,6374,맛있음 고퀄리티 친절 양많음 넓음 가성비 특별한메뉴 청결 인테리어 단체모임 회식,https://search.pstatic.net/common/?src=https%3A%2F%2Fldb-phinf.pstatic.net%2F20230429_152%2F1682700464737zmi4C_JPEG%2FKakaoTalk_20230429_013832525_05.jpg
도톤,일식,4.94,2407,맛있음 고퀄리티 재료신선 친절 특별한메뉴 인테리어 아늑함 혼밥 데이트,https://search.pstatic.net/common/?src=https%3A%2F%2Fldb-phinf.pstatic.net%2F20250719_17%2F1752850950897sW5qD_JPEG%2FIMG_8542.jpeg
면식당 경북대북문점,일식,4.89,3315,맛있음 재료신선 양많음 넓음 친절 가성비 혼밥 인테리어 청결 특별한메뉴 단체모임,https://search.pstatic.net/common/?src=https%3A%2F%2Fldb-phinf.pstatic.net%2F20260904_201%2F178850119557777rM7_JPEG%2F%25B8%25F0%25C0%25BD%25C4%25C6_01.jpg
홍천뚝배기,감자탕,4.4,3611,맛있음 양많음 가성비 혼밥 친절 재료신선 특별한메뉴 주차편리 넓음 단체모임,https://search.pstatic.net/common/?src=https%3A%2F%2Fpup-review-phinf.pstatic.net%2FMjAyNjA5MzBfMTAx%2FMDAxNzkwNzM3NDI2NDcz.3TxG6W57j7a1YqvhgQIL-I13V9jipGRq-aasilXouqAg.MKAOkni9_rvTD48ESR1sFVxfJx84aqpQqBJMgj-Wkcog.JPEG%2F1000088333.jpg.jpg
정주가 신암본점,이자카야,4.93,1216,맛있음 술많음 특별한메뉴 친절 안주좋음 인테리어 대화편리 청결 음악좋음 데이트 회식,https://search.pstatic.net/common/?src=https%3A%2F%2Fldb-phinf.pstatic.net%2F20241202_187%2F1733144170626oDG7U_JPEG%2FIMG_0092.jpg
미들31,파스타,4.9,2898,맛있음 양많음 재료신선 가성비 친절 특별한메뉴 인테리어 청결 아늑함 혼밥 차분함 대화편리 데이트,https://search.pstatic.net/common/?src=https%3A%2F%2Fldb-phinf.pstatic.net%2F20230121_247%2F1674290101690r6ipA_JPEG%2F20211230_151024.jpg
경복짬뽕전문,중식,4.64,356,맛있음 양많음 친절 가성비 재료신선 특별한메뉴 혼밥 청결 넓음 특별한날 단체모임 상견례 가족식사,https://search.pstatic.net/common/?src=https%3A%2F%2Fblogfiles.pstatic.net%2FMjAyNjA1MzFfMjAg%2FMDAxNzgwMjM3MzQ3NjE2.9oLPC1yPT77Psq1pZpNFwGYeG3I40ki4gRn8Wda44eog.mAaZOtL0dqr9pbBLyrepdv2yAQ7Wzwm4weeWSXMJL_gg.JPEG%2Foutput%EF%BC%BF1953148085.jpg%2F900x900
봉자막창 대구 경대점,곱창막창,4.88,1839,맛있음 고기질좋음 매장넓음 가성비 양많음 친절 단체모임 특별한메뉴 매장청결 인테리어 회식,https://search.pstatic.net/common/?src=https%3A%2F%2Fldb-phinf.pstatic.net%2F20260326_66%2F1774502708600FSMw1_JPEG%2F%25A4%25A1%25B8%25DE%25C0%25CE1.jpg
